1,RODOVIA DO AÇO,demostrativo_acidentes_aco.csv
2,AUTOPISTA FERNÃO DIAS,demostrativo_acidentes_afd.csv
3,AUTOPISTA FLUMINENSE,demostrativo_acidentes_af.csv
4,AUTOPISTA LITORAL SUL,demostrativo_acidentes_als.csv
5,AUTOPISTA PLANALTO SUL,demostrativo_acidentes_aps.csv
6,AUTOPISTA REGIS,demostrativo_acidentes_arb.csv
7,VIA BAHIA,demostrativo_acidentes_bahia.csv
8,CONCEBRA,demostrativo_acidentes_concebra.csv
9,CONCER,demostrativo_acidentes_concer.csv
10,CRO,demostrativo_acidentes_cro.csv
11,CRT,demostrativo_acidentes_crt.csv
12,ECO101,demostrativo_acidentes_eco-101.csv
13,ECO050,demostrativo_acidentes_eco050.csv
14,ECOPONTE,demostrativo_acidentes_ecoponte.csv
15,ECOSUL,demostrativo_acidentes_ecosul.csv
16,ECOVIAS DO CERRADO,demostrativo_acidentes_ecoviasdocerrado.csv
17,MSVIA,demostrativo_acidentes_msvia.csv
18,NOVA DUTRA,demostrativo_acidentes_novadutra.csv
19,TRANSBRASILIANA,demostrativo_acidentes_trans.csv
20,VIA040,demostrativo_acidentes_via040.csv
21,VIA COSTEIRA,demostrativo_acidentes_viacosteira.csv
22,VIA SUL,demostrativo_acidentes_viasul.csv